{
    "antibiotics": [
        {
            "name": "Amoxicillin",
            "dosePerKg": 15,
            "maxDose": 1000,
            "frequency": "8 hours",
            "route": "oral"
        },
        {
            "name": "Azithromycin",
            "dosePerKg": 10,
            "maxDose": 500,
            "frequency": "24 hours",
            "route": "oral"
        },
        {
            "name": "Ceftriaxone",
            "dosePerKg": 50,
            "maxDose": 2000,
            "frequency": "12-24 hours",
            "route": "intravenous"
        }
    ],
    "analgesics": [
        {
            "name": "Paracetamol",
            "dosePerKg": 10,
            "maxDose": 500,
            "frequency": "6-8 hours",
            "route": "oral"
        },
        {
            "name": "Ibuprofen",
            "dosePerKg": 5,
            "maxDose": 400,
            "frequency": "6-8 hours",
            "route": "oral"
        },
        {
            "name": "Morphine",
            "dosePerKg": 0.1,
            "maxDose": 10,
            "frequency": "4 hours",
            "route": "intravenous"
        }
    ],
    "antivirals": [
        {
            "name": "Acyclovir",
            "dosePerKg": 10,
            "maxDose": 800,
            "frequency": "8 hours",
            "route": "oral"
        },
        {
            "name": "Oseltamivir",
            "dosePerKg": 3,
            "maxDose": 75,
            "frequency": "12 hours",
            "route": "oral"
        }
    ],
    "cardiovascular": [
        {
            "name": "Furosemide",
            "dosePerKg": 1,
            "maxDose": 40,
            "frequency": "12 hours",
            "route": "oral or intravenous"
        },
        {
            "name": "Digoxin",
            "dosePerKg": 0.01,
            "maxDose": 0.25,
            "frequency": "24 hours",
            "route": "oral or intravenous"
        },
        {
            "name": "Enalapril",
            "dosePerKg": 0.1,
            "maxDose": 5,
            "frequency": "12 hours",
            "route": "oral"
        }
    ],
    "gastrointestinal": [
        {
            "name": "Ondansetron",
            "dosePerKg": 0.15,
            "maxDose": 8,
            "frequency": "8 hours",
            "route": "oral or intravenous"
        },
        {
            "name": "Ranitidine",
            "dosePerKg": 2,
            "maxDose": 150,
            "frequency": "12 hours",
            "route": "oral"
        },
        {
            "name": "Domperidone",
            "dosePerKg": 0.25,
            "maxDose": 10,
            "frequency": "8 hours",
            "route": "oral"
        }
    ],
    "urology": [
        {
            "name": "Oxybutynin",
            "dosePerKg": 0.2,
            "maxDose": 5,
            "frequency": "12 hours",
            "route": "oral"
        },
        {
            "name": "Tamsulosin",
            "dosePerKg": 0,
            "maxDose": 0.4,
            "frequency": "24 hours",
            "route": "oral"
        }
    ],
    "nephrology": [
        {
            "name": "Erythropoietin",
            "dosePerKg": 50,
            "maxDose": 4000,
            "frequency": "weekly",
            "route": "subcutaneous"
        },
        {
            "name": "Sodium Bicarbonate",
            "dosePerKg": 1,
            "maxDose": 5,
            "frequency": "8 hours",
            "route": "oral"
        }
    ],
    "blood": [
        {
            "name": "Iron Sucrose",
            "dosePerKg": 3,
            "maxDose": 200,
            "frequency": "weekly",
            "route": "intravenous"
        },
        {
            "name": "Folic Acid",
            "dosePerKg": 0,
            "maxDose": 5,
            "frequency": "daily",
            "route": "oral"
        },
        {
            "name": "Vitamin B12",
            "dosePerKg": 0,
            "maxDose": 1,
            "frequency": "monthly",
            "route": "intramuscular"
        }
    ],
    "respiratory": [
        {
            "name": "Salbutamol",
            "dosePerKg": 0.15,
            "maxDose": 2.5,
            "frequency": "6 hours",
            "route": "inhalation"
        },
        {
            "name": "Ipratropium",
            "dosePerKg": 0,
            "maxDose": 0.5,
            "frequency": "6-8 hours",
            "route": "inhalation"
        },
        {
            "name": "Budesonide",
            "dosePerKg": 0,
            "maxDose": 1,
            "frequency": "12 hours",
            "route": "inhalation"
        }
    ],
    "cns": [
        {
            "name": "Diazepam",
            "dosePerKg": 0.2,
            "maxDose": 10,
            "frequency": "8 hours",
            "route": "oral or intravenous"
        },
        {
            "name": "Phenobarbital",
            "dosePerKg": 5,
            "maxDose": 30,
            "frequency": "12 hours",
            "route": "oral or intravenous"
        }
    ],
    "endocrinology": [
        {
            "name": "Insulin",
            "dosePerKg": 0.5,
            "maxDose": 1,
            "frequency": "as required",
            "route": "subcutaneous"
        },
        {
            "name": "Levothyroxine",
            "dosePerKg": 0.02,
            "maxDose": 200,
            "frequency": "daily",
            "route": "oral"
        }
    ],
    "rheumatology": [
        {
            "name": "Methotrexate",
            "dosePerKg": 0.3,
            "maxDose": 25,
            "frequency": "weekly",
            "route": "oral or subcutaneous"
        },
        {
            "name": "Prednisolone",
            "dosePerKg": 1,
            "maxDose": 40,
            "frequency": "daily",
            "route": "oral"
        }
    ],
    "dermatology": [
        {
            "name": "Hydrocortisone",
            "dosePerKg": 0,
            "maxDose": 50,
            "frequency": "daily",
            "route": "topical"
        },
        {
            "name": "Tacrolimus",
            "dosePerKg": 0,
            "maxDose": 0.1,
            "frequency": "12 hours",
            "route": "topical"
        }
    ],
    "oncology": [
        {
            "name": "Cyclophosphamide",
            "dosePerKg": 10,
            "maxDose": 1000,
            "frequency": "as directed",
            "route": "intravenous"
        },
        {
            "name": "Doxorubicin",
            "dosePerKg": 1.5,
            "maxDose": 60,
            "frequency": "as directed",
            "route": "intravenous"
        }
    ],
    "immunology": [
        {
            "name": "Adalimumab",
            "dosePerKg": 0,
            "maxDose": 40,
            "frequency": "2 weeks",
            "route": "subcutaneous"
        },
        {
            "name": "Infliximab",
            "dosePerKg": 5,
            "maxDose": 100,
            "frequency": "as directed",
            "route": "intravenous"
        }
    ],
    "vitamins": [
        {
            "name": "Vitamin D",
            "dosePerKg": 0,
            "maxDose": 1000,
            "frequency": "daily",
            "route": "oral"
        },
        {
            "name": "Vitamin C",
            "dosePerKg": 0,
            "maxDose": 500,
            "frequency": "daily",
            "route": "oral"
        }
    ]
}

