{
    "antibiotics": [
        {
            "name": "Amoxicillin",
            "dosePerKg": 15,
            "maxDose": 1000,
            "frequency": "8 hours",
            "route": "oral"
        },
        {
            "name": "Azithromycin",
            "dosePerKg": 10,
            "maxDose": 500,
            "frequency": "24 hours",
            "route": "oral"
        },
        {
            "name": "Ceftriaxone",
            "dosePerKg": 50,
            "maxDose": 2000,
            "frequency": "12-24 hours",
            "route": "intravenous"
        }
    ],
    "analgesics": [
        {
            "name": "Paracetamol",
            "dosePerKg": 10,
            "maxDose": 500,
            "frequency": "6-8 hours",
            "route": "oral"
        },
        {
            "name": "Ibuprofen",
            "dosePerKg": 5,
            "maxDose": 400,
            "frequency": "6-8 hours",
            "route": "oral"
        },
        {
            "name": "Morphine",
            "dosePerKg": 0.1,
            "maxDose": 10,
            "frequency": "4 hours",
            "route": "intravenous"
        }
    ]
}